name	gas	time_ms
4a98a688e5bcd67beb04f06ee63947eb2a68637f	5055	4
0f5a0e056dcca1c1cd3df3e4bb8fb8534f57c67d	9015	3
727044ad710b155204cc5efdb040790b080b25a4	46	2
7c244b25aa2f7cf5e0ba6b9e1c9a736546783d19	27	3
d7af99e7720ae4c27063de3cf695f1f3cd37c087	14	2
800ea198460b784261676b391e8dc9aa9288d353	13	3
7ac964efb068a81a983d963dd954f889aa69bc7e	13	3
16965977ec563cd5a3ca6f58f0ee80876ead2ce6	13	3
d0a8ff3a5b0450d7456d17cdba3f037873e89eb5	6	2
6aa4bc1bcb3a26c81bf2fb92b2223f564562bd37	32	2
c6dd1b0512484280936ce27fe655fc63bf6e8484	0	3
24d73e9fa52cfdc291ebd1dd7687d169828750c6	0	2
5494642c00ecf8229b956bf3fa538e7bada5c736	1016	2
4ca12806f97a34b256eb15c275e6b64efda96a48	1009	2
2f75891f8e9f7dfa3c9f97cb1a2519977c8ddb66	24	3
3ffdc69b71673075eaa3c5b648b6e00ab61567b6	17	2
63ba339dc0a13a5f70cdabc3d2bc3d939bb97f8c	79	2
ac346cab47d1694559f43596002b931748f46064	44	2
36db4bd9bc12c1ddcf1c17d07ec26db6e8318945	299	3
59fe99cf784eff17dd60401bd8fed0258f6aecbd	21	2
c66a34688c35a267d42c5ce947bdb699be8960c4	1000000	754
fed75e5a4ba508ee363f79d38721e39b4577e674	1007	3
cf7891e52392d570ab05580ea63a2909453ad45c	19	3
b89325a308412a67952c71851e99f098788c2091	1	6
cdd3b318f9c07a93793449988129f64c8781e157	1000000	550
b20e671394535654aa1f470e41e385c3e852acd8	99	2
a4ce2158ccc7968e1df57fa277b62b8b291dfa64	6015	2
17f8f258d2d7a7d821d8d861540d41c2364cc73c	5	2
7fc413b9e8405b2cf7be625b88995cd2bcf47fe1	1	2
ae7936a8f556f306714652dc0abaccf833b73cf0	1000000	640
6f9b6c5aec8ac5f7352b3cd220c033c1281a83bb	1000000	588
276f918b4f78a2704bf590869a11913fd636f81c	35	2
cc6092af2917321a03f4e8b5407c5a26e01929db	1000000	758
57772b5a3affc9e9b30c441d251aaf714600c316	35	3
be214437d14b84471b28ac706c016b8e282bc01f	306	3
85e99a67aae37d8c92c1bda8dd43c3dd9da11ec5	14	3
797864b3f75c48686b136c8cb3f3083ef01a2f09	192	3
7a57da1f7a93850c9a708632f29ff8e54a4f9763	3022	10
5fb6dd1890dea56061c898cda7a24cd360e6ff19	13	3
d444a926dd6a055e13d4ca20bea7e0f26cbfcbd9	1038	2
c6d9cc7854cc24a18e468be89656cf4b9bbf7266	14	3
3a7ae0795f103d0394f05923c9ef696089a4302e	1000000	208
935a8a27ddbb0fa4f95a32d70ba3a67b076836d1	27	3
015b265a2ed13a4a8796be8d173e572e5895f4b1	4	2
dbc13f5334ed1f874e8b12c9e4ab0f5c1b3132c7	53	3
dfe31947a4f99fe62c0031f15af62019af21ce5a	5	5
4e6b8066a003d4dcc011919ad7bff0aa9afa9001	14	3
2000b33389d7ca424eeb4becc8581cbbfb43355b	1000000	13
d19b1f6f8df170261ecd6625300589c88c47c5bd	13	3
a0b7889661f9a1f467eec00775a9246a25c2575e	25	3
b662adee5fdb29164369f834f79a46c9c055563e	10	2
84bf7923acef3b59a3c382a505b6edba4fca6749	313621	3
d5b2f3c7fe9e862c175863cdcd5781d3ebce02e0	1000000	1582
54d4841dfa75bd56e8c209eb58e5b651fbcf2bbb	1000000	513
101b7b2f148a57d8961615ff22c8440caa8ca414	1007	2
2e39a66d06213c8d2e76eb95337f01686a320692	8	2
bde721eb6c43118d7b50778e5402fb9d30fac9e8	1007	2
076ca6b53f65a43394911ccc3ceb1c4b95013f0b	2	2
22b1b2d7c00c6d94e59e5aaf3eef3b5103589a4c	11	3
52bc1b415c2bf91bc39be38ff71396c29c44f9ad	1000000	3
20a827d8fbbb70eabf5bc6b9ed237eef5cc76718	1	2
ee6b31a3e90a8413bafa87f0c617ab3bcdb98d31	4	2
c024be2ac2e63d1145961fe032dc19145e89cfe5	1000000	1270
c785e9de5fc082e4062d6d1e8f04acb5881d41cf	42	3
4122bc73f2abbdc2a5db011460eb905e7ed7fb41	18015	3
6e19a6cc201dfda385360b3c8844d68f53e1cbd0	221	3
01184715141bb239e69b0a7df66f2665eab9608c	14	2
cdc24cee47b28a48d350e764f791a1910454c56b	44	2
6efa1f59befe527ae6b92971194835a0385b3c12	22	2
351aedeba32c1db2a2f8a08d8353af37f188bea9	29	2
d22a1b22672c8d615acfb92654d495e829b7be2a	816412	839
b1f03f35072d9bdaf16ab1b0d9d4e54b8db4c0d2	13	3
storage_variables.bin	24	3
9b7c67ded1f2aa2b727e2cb0c149d1600c03e467	35	2
9d36b8b7eca01be73bd0cf59b05cbe939145e9f6	24	2
9a357921df7f459abd06f7ffee7ef437dad8d5b0	0	2
e7533e1661295d8654d82cb302f987f29e5d677f	1	2
98f11e84f1a5a3f94c2afb296c319a955ef7fdc9	223	3
subcurrency.bin	24	3
5b9d4dea296c75952a1aeb51eb46e27ba32f0d72	13	3
6a97e365a338a0ae0739f4cf403063b4fa169c3a	6181	12
07879d61d66ddf40a45902daa3ffe8da656dc32f	1000000	657
1e1ff51740d2345591245ea6e7269bda17261910	1985	3
9c575faff8507af99ad87ee9ef3368d29a0a9114	0	3
57757a20c1f49a53c00d17ebc36eeea03ad1dfe8	13	3
9357eda3714919007426a5b204684b2cba76c19e	13	3
eab71d09b4990577564497a70ab2bbe0ce4f8465	23	3
20fc11d8ed751cc5c69d1e3a437dde21d8dc4fe3	1	2
f98ebd30f3c7d50d78fe0f3946b0f26b161f2308	952	2
3d1831cdc22dd0b5440cefc4c2eaddfb5b826d50	1000000	652
588691c4c66fc758cfa7f61a32ef1b3b25a96b79	22	2
d13ca87ddefca4d956a8f959ea2d1f516ce5bd80	1000000	634
0d696f30645e24d201f0ef450ae64ad1fcbe913c	1000000	13
ec0e971c2b2bcb6d0c7d5cb59a338c1d1f431c37	4	3
9e39ef2b741c9e8c1ec7b2d0611528c04c29012b	13	3
3728f9418ffc7ba5819017e923a441c483a4c39b	816434	835
8eb73116f352be1d2fb9592564f86b22b2cbf800	2	4
599b402daed496372f95f47226ec31aaebb544f1	13	4
dd96ed5ad4f685ae4b781e8b98e787029a39d4cb	1000000	747
d20a035e0cf38c43fd6a3a49ecec814301c9fae7	1000000	14
e0e07d9944008550c125227902623a55789ddbc2	1	2
742adb093c8762a0ee42b85f2feb272bd0a28d81	27	2
9872bf9ed06b4c4c718b49ac76bf78504108f731	15	3
deaa1c7408da0a0023179fc9069f57fb7755b0e6	26	2
configurable_constants.bin	21	2
e723165d22576cc21aac56a80dcbdf1f0d4e5076	14	3
275fbc460e07a3cc150c72752e635817adc2fd0b	13	3
c9ff4e5f51073eac6439d1a4ddd9412c0da8f92d	332	3
93e6597af67c7f236adb4b38c1744b6b25c00957	6	2
b60f511889800526d1b9a9541bdb6636c783dc5e	1000000	528
28f057bf840353b8e52ab529d7fd691d2ab0283c	1015	3
dc195a0e84323ae5aafc2d6ca004529fd78e400e	975	2
7abb695ee15ceb017ae0d4bbb94271cda9a7c178	1000000	13
18befbb21d820bd4830c691d2f9334d5e5ca14e5	24580	42
34b2faa367fe3942b87b8fd74b4ab9c299ce4939	13	3
d42be27ac76c72d94d38892351e0488c8354e231	45015	3
e865421f85cfee71a42699ffe999f29a5d75b217	3	2
c11d23fbfd69d989ae09bcea66f2050864bb3b95	335897	506
1f8dd0e444d5ca516eec13816104db1d8dfdec87	27	3
4c77c618a77ec92e02c2ba06baa137b203252fef	32	2
cd146cd271a7398253ea66d1424dc4559f086566	13	3
92884d20987ad29cbf606696807d67621ca6d221	24	2
bbdd3680e07908f766bfbbcc709899cf32a650fd	1000000	25
d63c811b31d5a51c38db57c3a426fb8e1c5f358a	145	2
7a7da3607893e97d157166256da4cd4fd9face60	2	2
a5b23e5b74051c4a695c9f448796f4ff41e671b3	10	2
a13ec408cabe54c099f7b9589ee7d17d40838393	1000000	12
b1c2f601907b145e8a7ef9a2092e2c9179891e48	1	3
c469dfb90bdde0f2c7890a683a3793bcd20ce5fb	26	2
c77eb9181d00bb6f38acf5a094a0ba1d223da8c2	29	3
result.bin	61	2
b37abf6d4e25d26b5c5c9de95cce86fecf993fbb	9	3
d9ccc62711286bf24b43a2b122e5943548cefa2a	4	3
9d8643f242647dd50d5a47e444bf1ac0676edc1d	30015	27
e9b0255c6920b2691d04be8e9d83b4767f97ff47	91	2
1491926496b72292954e4831f8641762487d03df	18	2
c3c7a91baa55be5e7e8d14b3933f20580ea51fd7	75	2
5e80e3b3a72a6d3705bff075db0aeecf1a49e4c2	1000000	9
5a5987752a38d9c656220b2f21d43d5f2208726c	115	3
164845d6031ebd46f6645585caf51fccc45d11e2	13	3
ce4139fd938c808a399e972cb2b8d8dc8f6deff4	557401	951
ccc14a154ef9b1dad71d77219ac7d66f82f17a77	7	2
7b075e18616c7119211da2f85a8c5609223402c4	16	3
a479c521adc54425dbcbf267fafe13526cbc2570	22	2
ecb42cbaf36967d78222024439a5e95414da9f1a	46	3
9d4347593c4651b62fc35c1af60bd84d672f754b	1	2
7f56fbde2938f5c72ba9a353d07c2586b2d1e2b5	69	2
82069350e4c6ccfb6f6c29431c8ec1955892fb1c	318662	482
8c6874e0c3e00a6629a9e84b80b9048542f861af	14	2
hashing.bin	3082	3
373b158f7aa6eaa7fe41c6afdda82b258c56a6cc	1000000	2693
c41b3a14a7f8d5d019cef1171b086dacb4aa1436	25	3
79a39801e366f2c74f723cb74e0d9fcda8a84a59	1000000	561
e2e4f71c4504d3a37d0ba190dc302793d94a5e35	1981	3
9ff423de0a8ae43ccffa53fb24ada6297ab3a9ff	62	2
457d0d5e5db9e0e3b0b25be6e0b31325ce96f252	1000000	533
e5a1746406e81443267099a40a999d037d578272	80	2
58d5d29c7a1586157fc4ab1311f3b29925dcb8cd	16	3
5ba3969a48fb96000dbae5ac329a80f4b71902ac	13	3
1ea26f3591b086379dc13e48e9464f2fc1fd1f0f	28	3
a5d92c2e3eb9a56c87193c2016e995d75cb40044	1000000	12
2a15dd4a9deff2354fb041daec15138a653b88fe	2	3
7dedec47018c64df98178a63e0adf5dd9d4c636d	7	2
9e51620f25aa6e7a9480ca4aeaef8263adb7564f	3041	12
a9539e7d8d131ddbba802a5a9ebed8bd04be418f	16	2
95fc0b9793ef1d009f8657c80f84cb918b7c2845	1000000	664
b9cf2e0dde055576e7a96fef321b4378e60a8d46	28	2
742eb80fb5b3bd7d9d64b611aea8553d9e7eb34f	331287	517
87dd7ace1e8fc55d1d0d95b50937f897e560c708	19	2
7f4d2fabbce48b346eff9918b26bb9110590ad66	1026	3
1a81eb4b57e61d5fce83d959cb96ab27ba4cba8b	13	3
6c871f8db7c489b5d41df055e87ccf080c4b8e9b	23	3
e28f341e0eb58d97559e6e9399b46fdc4366f4b2	1	2
bfd650fea488bf402426c98cbf93cf7203f63523	43	2
8793c4795a56662a3cd993eb1601578e00b305b3	14	3
c9671ed0f8514851f36141ebfbde3be479115b7c	13	3
eaba62b695f7585194ce4f86f250c3ff51314ee1	1000000	612
766a6b4df8f7529253f7f314506ba21494ec29f7	3	3
a9485e34f528afefd2f22c226efb4d88cecd5204	1000000	332
85429a29c38778816c8c4d317e0fd9457b267087	15	2
a31eb281168f8973e9874c5233a7eb19fa5a7b3c	1000000	841
0c7aed0a09113f9d349923b033048cefe45f6068	33	3
3c504b167e0b491b1cd6a20707f80d0db7190c79	13	3
3c900017f9ab9457b7a40c3560774b9b017604c0	1000000	1624
3b6aeb00bed0a933f70aa9234bd54c78b6fcb84b	1000000	746
7e5b51a91abe1216d62dff214aad0da5b8607f81	34	2
9629a58f7f851c14be002149678ab47391d6e975	10	2
45b1a802d54b6a88e897b5140454f0648726a3d6	18	3
a1ebaaea2e284b9a188cafeec1560d7451fb6d74	20	2
7020b4970f12c373f2cb592ee51c5a5a2caa7cf6	25	2
8684f5afc94290a8480509b6f128950c9b2359d4	170	2
6e8a2b7bdcfd779c406ad4ebdb1fc4a20e4bed69	9	2
c3f15f3cdcc6eaa4272400992c57e26ab7a7c7b8	3037	2
18135429c0bd897d417217f8c25aa48b551881d4	13	3
wallet_contract_caller_script.bin	174	2
4513a7367e3dc9cf91883365b42d3ae059338213	395	3
b037946c680349107b691389826518cd797ba5c0	1000000	963
298bc5149bd6e0b8e26b4e0637789b8b3b749c2c	1046	2
04a877af263216e2ecdedbdba2af4b3f5d096d24	26	3
c84ec15d46f7eaefb9cca32a0603eb796dfa45b9	35	2
ab96dfb33e616d50f6b2ffc3808e1ca63c4dcec9	1000000	853
be5805278cb33ddc6b8fa017d9023112745cfbe4	45	2
216876ab6ed945a1dc832c85db70d3c3c5ccc0c8	12	2
d723318fb2cccecbd2851919ad57e28f44f6e2ab	5022	2
992aa131affee139a23d70174c647b25fabb4508	27	3
3a7058901bba3948eba81dc78ce2a58eab22f245	13	3
7b024489065cdaeae94b5fa0c45c1bc28d8f892f	3	2
529a2c54006d1dc539ba37f0bdf0dd6c1906e3b0	1000000	10
ef554faab04c13ee23b17ad292a3f9009c5568c6	21	2
d7782738094bb1aa98504647d57fc7dd30ad14cb	31	2
af6debae904df9ba1844b14b6e949ecdf8376049	19	2
c7cd1a86b06fd99e83ac9849dd60c970fcd37a3e	5	2
696f73051db7bfc4620cefa691a6d05e385f7582	1000000	542
6eb4a9c242e7983537e424f93dd6d255c03f9f43	14	3
e11cd2064d41387ca54c44a23477142cf033f0eb	2002	2
1ca767dfea99f77993eb10391b80cecb72762a7b	975	2
4ad1e0d0cf1e4cdae2d5fd1c13e32e3baf4c7ab3	29	3
699db5fe8536e92ee9145e2fb5399cb75166c7ad	13	3
23762af741e7907eb5a70260bb1d77200f57241c	1000000	12
210f77bb729d4e80f717e54f1289ce59acac6956	20	2
0101ff94e09bc5ec3055112b7b589b5e2354c3bd	13	3
53df410badecfa695a048061ece4f2d061a2c6b7	63	2
bee25c4763aa9495b1e431fe5f7ca5067d0b24e4	25	3
3d6c5fac8390d77c809e964690a02495fdaf17bb	60	2
16056e6d26b1e9c143043cfc27b7d64c712a0d9a	51015	26
963b0e1b8defea289c74d0b7d32be58fdcca6775	15	3
a157f65c92a98fe9bff222fe892a9b31d125f037	41	3
32eb4b6d547ece829011ceef20e2fea57fe2f2ef	5	2
26db529c121822f4f2e3ef43ff6f6300e8647bc2	26	3
fe19203c76a9339443d9d6e46069aa5cc9486e51	1981	3
45ff2e389167aa6820f1c232fcaadf56687fe32e	4	2
d5f030c6c3b9c8cb71dc0a750d9eccc57efdfd9a	19	2
8104f931ae2b51cc20bb08e6445aae4bf40d5ad8	3	2
2839e13550291ceac665ecb59a9c68dc2332ba81	18	2
aa1cc0acf30fdaf5b3bfd369d01f3bec9cb77521	2	2
cfb206f49757678fef31529a1acc5e8a477e995c	162	3
667c71e03828ed0ed54f1187707b0841a4c0029b	17	2
53d13548ca067e49573bbe1796b8995414d50e16	1000000	1020
48d106d2d5af64c69e5b89b50a98c670b86f3416	79	2
vec.bin	782	3
05053b554655052090ef26844eeb6d9fbdf707d0	13	2
b0ea63d89eecabd2b089b55eb008650b5a8a4006	14	3
ed7341c1fc9f61e5536a6c3d7e2b2e985b7cc7cc	29	2
14696839278fa65adbc55dbc3de4310ca7221b0a	48015	25
5c7352135d2c919b967bd1ce7870fffa0e1e7aa1	1000000	837
2a933e417f02ceedcab6f18e14026b2e15a22944	2	2
3344bf647b8d9d60dd3bd6b19173007b71981990	3	2
ac0d9b55b2514e90a256c56dcebc58f6d45e1cdc	264	3
94f781ca656b94a9fa241c11117c8aac77787f20	1046	2
8efda4565cdf8c786176fefd24971162f4999e25	62	2
5edfbccf330f8771a0952adc511e9bbdc414862b	24	2
d7611c1076375d2ce4d14dba9f49bca4db19f71d	14	3
0a474efd5905d6a9bcbf3a7ec277db97566c6153	81282	115
2fe302ef7cd7024e903f3420c0fb3580f8592033	17	3
3f8e392ddf42820267e5618dea40495e854e38b9	79	2
fa704660bf98fd3723aacdf43c8046f8c4a120ac	1000000	853
7967d78c31723d758979204eb5fb5b6a679f82d8	34	3
7e6c986f902a7ca1104435aa74f61eb27ebef134	27	2
333126a35af39c1bc351ffaa5bbfda2c2df84f1b	32	2
59b2978638f056a7945a25cb954ab744ad29d6f5	87	6
a42b4a059dbd67f57fd1424276c418cbcf6ad1ab	14	3
ceae87acafd1e523ed17b6d6d4d6d939545ba080	1047	3
b31d40bc13363f791130dcfbd73f60f8b186e624	31	2
78a98c5066c57ce301efae21d783b511a66478d9	18	2
f7296e054977d7421ac07de16558085f70bf41a2	1000000	59
d1c65c97045447b122a99a438ad7b5ab700f71a0	9	2
9c5f922f9930c2db90a5b50bf4e2c965a09f4f14	1000000	2593
788fd2cda844ade75f210dd34522c8e42ecfe85a	17	2
51bf2b3f64b0e4ec2a9dadd44f93b09b2e9ec33a	27	2
d1222b72dc6a41bfbbe7368115bbdcf9ff998b37	413	3
0cb69b247fea31b8684c9e74e8bc22727de31f44	18	2
085c4ca3f67dfa84848c43ef4d9122db0f383677	41	3
af65da11189653710710aaf755632ff4b165d1e7	9	2
665e48c2a8782e3e4f811c93b2be061f2e725c98	3056	2
5bfe27815156f94b9dfa04a1bd1223c2846a258f	43	2
6dc1b712b1e117843ff5184aed16449cb119cc9d	2479	6
e27555fb7917badba0468e9e2a017d4ccd04ffcc	1000000	2
24b0d42beaed9636d8d852cea5864937fb5ff4f1	6	2
454c98f90f9c0c3a0ad36928f03c227e752a97d2	1000000	686
3c0906168f1e93a195484532b408e3320c8781cf	17	2
fbf2f3c12c20fa41843799c75a98579b25509dc4	7	2
9512716dd65b75e899af585c683a84835addc627	13	3
d52e8b427d79590bf29cdafa3cfd298381325f98	15	3
273e5d0f8ce704c3b4ac1820cc23d4451b9c9e71	22	2
b70b77045cabf512637759f3147c1b4f48ed6c1e	1007	2
f7dcf31d33446a2cd8083266db0adf8a482f7975	11	2
storage_example.bin	24	2
71d5a36835fb1ea5f1edc75418eacd31f190da1b	13	3
a1bebab17c97988531159d1d86f75c6fccd72b30	1	2
cda9135411b315a0332d22d194b4dd5166d4f412	4	2
fa6e433af3d5c927f1957a34d14cf79cd52ed9d0	5	2
eb549865b8627de1b2a3562a5d7995faa9957923	14	3
a57d42c8cca3025b40b6ffd26af0a7702bc791f3	210	2
c437e908a499c7cf897108e6404974d4d24182f2	1000000	13
dac7e6f866390ae681b30dfcc0f8fb22d283b532	77	2
1a1761f2631b0929a0754250f5584ef7664d88ec	13	3
055bfd91da7b0868ce2f144641fc5ec0accaa480	2004	3
cb3e05a75f4736c413b5feae1b8b2067eb165c9c	1000000	645
012034cb38c28a4d03ffaa442fe3d868c4086271	27	3
fb34b514b9db97fd29df36b5961937dd725d82c2	5	3
a5f8a030ed71801bc0b591a98a16458fae898263	75	2
90d59a2214aff4905138b8bedfce10f78af23535	100	2
74ab631f61f9cd94ab6eec3435d1be9b9f066101	23	2
bf3dd8f1620089e244fc8c0a7c6cccc8a85ba8ae	19	3
84b5a8a33d8edc8b7054203242d19342384b25f4	356	3
95519b8c06a54de5ef3193bf964d90e57a6e900a	1007	2
5b17b8ad36b3857dddb9c9505eb9822c5b549305	13	3
af1e208da4f33b5f613e290a3bdc476a9693c3b6	13	3
217bf687d3f25122c278a30f546fb268d6006019	3	2
d0eb590ea0a935cb4b0554e68b06106f294d4f79	13	3
f70487199107cce11fb58fe1e2e2931b63bd4b12	1000000	10
3ae43f928641183e5692693a726910539fa203f5	17	2
9265dc395800ce066596887c3bef17bd05d6dd19	58	3
f7e265baecfb1a2bb1e87c7b3435d2ec04f2ef85	1000000	592
7690ef3f84d8766fa948b8b14ce497915d459931	1029	3
dd1992dba0469acebf4a4981b5e2ea2e876fd103	43	2
9ac57cfcbaed70fe4dae64b728c88faa9e0b3633	39	2
fb7f7751947ce25ed63990b8ab76840649df18c3	1	3
98abd06712274c9d9913a05b50b184b381459a52	12	2
a2160b9e899eb02913495da26c250fc425575f52	27	3
cc8ee3b2ae9fddf832e312ddde41928a80ea8aa1	1000000	619
171f7bd83ae1f5a03ffd41cb4dcbc6916c15aa12	5	2
dac45babf8aecd1abc576b1e22d7701d1011207c	975264	902
0982bf00e94fe927a621822a802c89fd6da58fb6	62	3
f16ed0b98b2788dc45a0e2b01e054eec6ee3ca88	1000000	11
ab8d7717cb98765a7f4f1b8b7820836f5734afef	25	2
316a2ae837d8b63a5e4dae9e244bff847bd81c71	9	2
f141bf1f34d70db70397d862f818f38f01884863	19743	32
6f9eac16a1bf32c473c84a9f8fddcb559e59b0c5	1000000	707
a5e8acfb8e3184ebc3ae8ffec3b63941932b2adf	22	2
0fd343473a12455c4975643249a1982bc284631d	48	5
528d760c9afe092a4e2b77e0ca90dfdb7c1d34c1	1008	2
94c6f8973c37bc536efd34275ec6fa02e5e45c63	3	2
715dda9568ec64c086c450ac1a7edf0e27eb90d9	4	2
1e2784c1c6c3cb301680f60754657f508fe8ad4d	27	3
ced8a054fe3c8316d87af59c398acfea9c9a3b2a	1000000	550
03bf73e290e0f03550a2d1f7836d39d288ef6b9f	1000000	12
22c119c59b441042aa5e3f618f7bdb36645f330d	44	3
ceaabaa171f469261fe22bf797c8cafebf994152	152	2
36e98784a0a4d923a5368048037b70a10a6b1710	6	2
bd89441c9cf2bee8cdb9263088785e8540d939c7	2	2
523e1698fe82f06b1a148f3cc36e751bb3efd0af	25	3
a2f0b19effc458fea929d5fbee73093019af2544	34	2
eede78c39a197b8fad11a1c02069c29ba5d26fb9	4	2
df85b770b219ae0fe18a5bab7eaa8f315ff575e1	7	2
87792b4fcf678fc237481eb1ffe00c433b93608c	1	2
5de94da7f398091ab4a6a7ad93a2fb1603af85f0	18015	2
f52ed5a9974cfdf61d5f978ebd449c7b9fe60178	2479	6
fc418c76b0d53179746ddc1699d0dd28b16aef7c	816324	840
955dcd9f83562d65170c26fee8d5309ec7e9af43	816456	842
107d9884cfb2fb8a6116de6a937f68843093fb53	54	2
2d382acae4cf29cb06d2c8dc8d823c7d905f9158	1000000	590
59b52794f0a22177420684dfcaee506e85334879	28	2
a31a638ab786fe9357a3f0414e5bd37e503521c9	6	2
3bf070a4df4ed4413c9cc58b87f76d87e7891d09	1000000	728
93533e42c3a0d6c305bbb3cf168debe966a3354e	172	3
a17409dedf466d4610e235f29946d69a1a6cec75	24	2
2aac98809db6b89e5d7e83ba5f6a932d9d3ed053	5	4
79521b0881366cc91572e89b95c9299ca58222c4	27	3
64ddba4b25776087e42fd030673a2219d6b1dcbb	1000000	716
4980a57c91735f7250b01fe52849e17122fa3e97	1009	2
7ed52261ac4f6e07221bb0de9827639bdf7e76ee	4	2
a1efe723ea5cab75498d8bfc888407fe58aec755	24	2
acd2e35d9c199b485bab49730df01121071dac2a	1000000	557
538145a1cec0a05dd74ff3eeacbd2dc1312aa664	1	2
70e346116fdbac8a68f99992b14ba1443a3c036a	1000000	256
7331b8b5afea105207d89b3b3e6ffe82be5fcaa2	1000000	637
eaf390a2b6a0f0c389e7e04b3bf1c5e765a9b2dd	1000000	500
e06ac9db014211cac78b9e603e82ee89f9a59848	19	3
c16a022dbc96046ca6ab562f7f0768bc7e593d96	786438	1599
1a75e6043b2a0964230961f4f0984b89b98ed315	14	3
860805aa6ee75f9cab8705671bbfb542869048b1	19	2
ae378e9d7dd0b90c047704b986dfb1ae490db133	6046	2
7c501ff1a0262e8034e3e63375aac6ca73b1a98b	5	2
8e1f6a80d72df6272378df28a9e1def60c7770bd	19	2
ca67626abc419ad2bef34583ce8258c8f19708b9	12	2
tuples.bin	4	2
break_and_continue.bin	180	2
38361e79f4ade2e34da4c88cfd85576493dbe1d2	1000000	571
d9bc5bda9100863f3c21adbe715edc872fcfcb99	38	3
386ed29089d86bd58b2fe7c3d2f125695e1642a7	2	2
62d882fa5333b3c0518b8538352aafc871aa8029	13	3
9f3870d6126520c807477bd7cefeb01473d35996	1000000	3
79ff26853a854e821ac94fdc18235863b5e1d1f3	22	2
b31fb65656d9560c4a7e7e0a06bffff23a230315	3	2
030cc064e2795e7d2e6e00c11aa833f9cbe4095d	13	3
38cab8e1d290ddeda7707af509d81e45a032948f	16	3
33223f9a8016a449c7f9f38a057e373b8b25ae2a	1	2
56788f6823cea8b01522c091b372f01e5bde4cfd	31	2
77079142c1cc9ea7241ee62cf6ad61eb9a583a83	45015	35
deb982f30e838032dadb86706866cb3e5e2de857	1000000	294
4406495ee7942936ab1bcaeb50f79f9496fe6e4c	1012	3
3fcce8d9fa84e6fadf8548a2805cf6cfac5d676a	1	2
fc8c1432e6bbd932119209c4888f32a55d7ca5a8	684	3
67bf562830322ea16837a147e3560053cab7d2e3	25	3
477b4461910b1b96552e9b95f9453c2326c938dd	1000000	948
3c8b4744df7800c9e5bfe270b5c5b8536babfdea	13	3
a2729d8944481f7f567cd39c80366c4758b3cb95	44	2
02851a3919f809fdd77f9ce66611ce818a01483f	1985	2
ebea728814be85a5b9e5d97b78d9fe0869d4a260	3001	11
b7b040a566ccf02b6630e309499d91aeebdcfa2d	1000000	25
e802a083cf7bb8dc0dd9397c2583ec8f589a502a	1000000	869
structs.bin	4	2
5578a2683c77e922db7758a72840ec56bd1b08f6	181	3
type_aliases.bin	19	2
83e2542d7901a67904d0e315cbd82013cac28954	2	2
14dd18b33b91c81b0ca9f5fa1d7c57c77f52d52d	1000000	3
d1deb5ca7005cca1e9c680144b55cf5726f6ad34	27	3
3b23b18800fcfeb5cf9f1b06b7506031878bccc1	13	3
f0539ef5f1d62ef91f526e2bb824c300c522128f	258	3
474ae352398b404b49a5b90dad644eaa0c5e71fc	1000000	555
a8cbb9c890cbb38ce2e5fe15aae4c1523e406e35	2	2
775baf8a28336632322ad92f615d2eccde3ab9b5	14	2
1d892dc2e6cafa51508d08bf50304fbfe13bba22	1000000	714
d054b23e6d417630b2e7306f9fe8cd755a9a1c00	35	2
9778f5564b3b5dfdd4c6a425f530f2add12ccd06	16	2
6c60ffabcd2ac7b624fb2fb23ee299f98e12d81c	13	3
e12f0b68f68e1cbfacb42db4ae0e0d22849bacad	8	2
55d01a1e38b5f3a1892cd13c0b17f36f83ce07e0	14	3
9b045dfd6284b8287e8393c14679543cbdf46bb6	27	3
c903c0164f9e4b04fe0da537bc78b0d2f9da8fdd	5022	3
52a58725f2852084f2b261dea4051dfc2bc8a81d	35	2
63328f096ba19925e9746f9bfe2225b8dff89127	13	3
716684e34b65357f7b4081b7d72d837398d967e0	13	3
51c4f3ef82a7136b5d9809de2057628af442649b	1007	2
922ba080b51b0b479120bf185f33a9fa42b52a41	14	3
f22c625749ac7b60246dd126495c6a1e3c40ab40	1000000	33
d03a50f0b72bbbd1d63b26fea935a2d1995f5c81	15	2
76d223990431460deaf9801d9a5a422ca1fc9e54	13	3
ae0c9bf6f7f757b0c271cc26befe90c7f06e0d74	28	3
9e8fab096b3f1e68afc443bf625130e3ab0ffbb0	2010	3
ca3ec519e172a24deebb97494cd2d77a97050014	1000000	13
acfa7d38f847cb50776c4ff87a0dd6cf29b000c4	332	3
ceb50fb385ce866868008c0b9d4768549a483b24	31	3
399908ff9529dd41b3950c97bf35bd71d7e0986f	4	2
d467caaaec273f912865c65724fe0edf8bcb942d	9	2
5a6d60bc616d72a4697c1051dc4c859f86ceb58b	1000000	839
native_token.bin	42	3
73c45e18b3df7a816db7dbc05c3ab486e6acff37	1000000	1193
fd6922e03d2eedbb92c65145799e621b3cf6875d	7	2
32e39a22f67afd24c75fcc4f487486296eb055f3	1007	2
ad44b544e031b398263f35ec28e67c1c62fc9bdb	1023	2
3c8bf3de265f7c89658515f18b3677d5816c6b4c	1000000	13
f975fcdd8ee9fa398b6f02070e685cb8cef79607	7	2
175c90b88f4fbdbfdb7db3e39dd9d951fd4a4c86	18	2
c89df4fc07691e56f1f7eb76d3c189802527867d	11	2
5b1bedd782e90ec9ea73a86157344c6e3ded9758	13	3
9ae8bcb89ade7002590ad8d3d98a4aa6e85d0da9	7	2
9c6c047b964bbadb0e074c252f86d5632b3088fd	90	3
77346b291aae24d93f29a6e205086252118f03c1	1007	2
a3f16f295031a282131c3ccf1041539684335482	1045	3
bff3c3e645a96c6407145ecda8aff878d4326d18	6	2
1f2ac0461830be90c4b6cadb8d0aefa5646cf41b	798	3
f784cc888e3118c883bd17b741bda02d2ccee7a1	1000000	736
169742771f2f881cebe08d84a4033003c037fec4	33	6
1cc97c893e07eef96d382f45c673c57f29144a37	2	2
9b097513d55ff9dc5871308b964cfdd9a47b8113	13	3
b0089dba211c708462b1a33d7c5a8ecd87210420	2	2
b02babacb48d1077bbc5191c81957d6b35acdb03	7	2
1aa848c60663f27fc8b28c264bec2ff8a1f08e50	13	3
a3354abc8e47980381f2915317ccdc7cabad89aa	1020	2
a72006a13f525e9ce31154a7a4037437bba0a892	13	3
790709ca486b3bb9cc2be835b6db3fce20f450cb	43	2
67ec085d462c55c958cce5c1ded22280580a31e8	20	2
0c3cb64954f9a15dc044bcdf21ceefb23432d54a	1000000	13
406674d1ee3fcbab31b47fae4728eb7356922a8e	24	2
2ab0ff32c3572129bddbd3dbdebdd8007397e02e	1000000	691
828dc895cdb4897a29cf68f4e58da82332bb7e15	2	3
86208139a5d32495ffbbf19373dd92ec5aeeddd4	1007	2
mut_ref_params.bin	247	2
d905848987e95b9e79530dd9d394852ec94daadb	14	3
9fc387e1fed462558f3863d5568c0b79b010843f	74	2
32c2add7eac1abe0bf9d8e2df31c7fc066d68985	13	3
33b48bc496a924f5232b49e011f4defc77699425	24	2
d81cf3970b83c17d336b42c48f167ee47beb721c	8	2
795de01c73140376fb1399612583dfcf02f3734c	24	2
wallet_smart_contract.bin	24	3
9c2d77c48957b8eaca6c576c9550ccbba82275d2	13	3
8f8149a2c567c87b8bf45217ae8f3cfe1b0390f5	786416	1602
5fb6e04a490d3c2d2667fe55153e06f34b4d6292	15	2
e27f798bd52176493365e452abddefa655d71b64	14	2
6de525c702175cd6c4e4c8452fe9a18ca4a5382d	16	3
fc9737be6db514c4ca806bef9a937126cfe33bc2	37	2
e2cc26c8f7e2436a7dbfc8b9805027aab8818a9c	1000000	742
f8e3bc50a2d61eead9f87fa7d146ebc3eb4d961d	172	3
46078b96002b9e394a743f8cf509bf7f5b1e25d7	15	2
7e7a7532b454e83dca9225c52065088f0fd01d6c	14	3
8232c3acbeeeb852ac0eb4b3fa3527678be9c798	5	2
4d05c52feb8c63745458c5b463a322d20515064f	13	3
7f8a8b3911152867bd524dca80b156f264cf8abe	14	3
47b8ca241d00647a2a63ed32b4a29a505510b34f	1007	2
e707716e522bcfdc7ca734755df62369c280bda3	34	2
f290096958924490ca5077c67d3323bed7d052b6	3362	3
ea4e356c6b047122e422b16aa07d2e1d88d1d666	1004	2
803edbd32bb9476853b2c7c75bbb6ae0cfab47f3	21	2
e27d63af8f81040842cc99fa8da119d6421155c0	6	2
2a568b00b9b75a3a302d1b774e017c96ec71de1b	247	2
4b05cc782c2038e7c7ad9cd63283e7303bb9bae2	53	2
b352c4d5472d2bfa1dbab039f9d51c94ac91a5c9	12	2
2d6bc4e8f204fd2725ccd18d287b50d63bf4efed	4	2
a98b8ad1389fe93f776d80ae3a051f92479f7acc	22	2
3e3b4e29b2c025a6595cc55d72b73db7c9b0ca5f	11	3
fb2b21cc6bcf4342325c87069480aa797028df7d	19	3
950e351c561d2773786985800bb41fd25ff1b8a1	1007	2
0f7dda2fd0e79b922970f4094d7344f7c1b91187	9	2
d4aa0efa6d044d9b3cc091c9b06b212e4c2d7b53	3013	3
c99895613391e9d45d6f9ab54e63146726fd8025	47	2
e3383cae8c25a9c291f5d395a5d3958dc27e1f68	30	3
cdc378eb5fec5e7a43333cfdb3dc16d90a7a1bfc	15	3
bba1af2f5c74376cfc99389238554bc148e6bbce	395	3
8f304ce6f6b00aaf793417f26c1e90e3275c9f90	41	2
692b7abf0c039dc9ed62dcb920dad02d3f9e437e	23	3
2297d77df5011ad25945940909c35ba96ea8b2e8	24	2
d8107488951127b2ac797b121b2c2d380897ce84	48	2
ee5666be3b73f76d5c4539475b9b29f31faab8d8	1000000	664
07cd8a12bb22016407fa8b9ddcbb3c1ea077aa21	11	2
7789b991f4c6589bc6fe340f63f6adaa77f9e1f5	1000000	540
c60faeeceb5efb492eee446f192a9dffdaaa1b5e	23	3
352731ed3920efb8106092bf167dbbafee320f04	1090	3
5db1e621b4217217a4a6b1f4adea952d6aa20e83	1000000	658
5b06a9275f7ee3e2f2988def5af67e8a14649e16	14	3
6176324e6503660153b42b33197b7c8e5cd101fb	4	2
db7c9215a356fc50014fd62d228ceae12c533045	13	3
12f6269412c86c3e2364fb1f32134a483e3c4511	6	2
e48cff2c273272083254b08190a211cc18dc0a12	318662	483
fb6fa61ed3ab80abca24356a0789293e0c174b79	20	3
bcfc524177c20e09bb7318f09c9e88355b3b3638	16	3
854056f23188694c8abdfdec29233a082cc868a6	1015	5
6e56578aca1db0337693b6d6cb789d89638fa052	13	5
array.bin	84	4
38cba927363198d6ff62da0a9fb7b790ef228e46	12	3
storage_map.bin	27	3
5ac66a6a66db3b05afdc84f90dcdc28ab3865120	60	3
cdf4760eef7f7ff7f566a4691a9bf3e36cd26b4e	13	3
4e823d9c9866d277edb24a6f258bbf04e97477ae	17	3
ce8ebfd97ced3e7946956605ed4c17cd782cac03	419	2
6e0627691c81c27245c87caf73ac02b9fd3390de	13	3
b7229c92b01c00b5e4923944ebdf932147f8cb2e	13	3
4d8427998774c41d52038bd8846469902b25bc06	25	2
ecde53ea7fd6a14766424d9d02217c81cd63a4c7	13	3
591e0ed9e9d7099df8c0f92e025e6d180c639ea0	1	2
f2810c7f13116dbf7d21b50dc764f4cc8609379a	2	3
231de58c9fbb40622e5d1f570b08697eca3d1ec8	4	2
enums.bin	4	2
224a27aff3afb67ed4d297ad4525a9b2a5d4ddb5	3084	5
643d4964ccb3949706f77ddbd5eb6134370426a8	2	2
b4c847cdcb2a4b8eb61c7b1b7d37f6bd6405bd3d	14	3
fbfee2d826477815738b64cf843809bf216cc795	1000000	711
ff7c7fa9f70cc9d0e79dccca482b1aaf809adf59	7	2
5640cfef640c6f6b6db5df646af3246415503603	4	2
d18cbab3580fd6d45ca81dfafd666d03bfda22fa	22	2
methods_and_associated_functions.bin	27	2
158cb246fa2cdf476c330307df4073feee090e90	24	2
bdbb17329f635203eb7bf7076465ac196e09813f	1000000	473
a9b0db1ce79a91088309cfc242072f491888b0bf	34	3
2312706c03a492ade627563ff4db4dcb7e602687	143	3
f9e8adfa58cb0c03adc4818e531e121c1fea3795	27	3
8432c7e4b05864a0f931c8ff52c71d6b60606b65	1000000	9
e14d5f9e26140c54d955c1f2ca78b6217ec5a2d5	59	2
2b765dc10c6f41ba0c4e7bf0086761fe9cc4f061	26	3
5e93078f20f408ae6e4bbb07504f54b0ce800c3b	1000000	968
ac51209798999fbcbb3068228ea2f01ec29c9a37	31	2
2779ba7c090b88f4a68fcd17a8a0c181d98ff140	9	2
7dc929c9a0f97b846e57379c527318f516e90f6f	14	3
244f06453d68a3fbf4509f786c32c114ebe8d310	1000000	9
7efaa9045167dee5de9769e700b1293a55b66858	13	2
d92e7cf0a2b5cd66ed78630d5a96466529e3a871	1000000	24
42c88a9f1d480f55365cb4976baad6050cc3d132	9	2
7773a40bdec107c8e9f4862af0970982e76302e2	1	2
e0592e3263682db23283d20660caa7552b965fdc	1000000	928
136b65260d5eb51257303a05126d8940fc731d4f	1000000	600
0f015436b804bc482eae13f31942ff4cdd33ea72	18	2
646270fcaf2476a68bf5672487fcad2cc53622a6	3001	3
f39760a8010eafb0c5a7185c5fbac74166bf65cf	1000000	567
d29d4dc3238119061063194d6581d5b210f280e0	80	3
88e7ee4ea5a35458b06814ae834b149b444e1d3d	13	3
d059a4d6b03c9124f7c44e476f7119e60bdd98b3	16	3
728ccffa9dc6c645d61990b96a9373c57ff85a2e	37	2
85243e1f491d038bc3cd69a7b4ce859eb2067128	1000000	574
82a9add724988ec99cbeab3ed1f9527c7fcb0e6c	1000000	13
0ff5d45a3b1913a0a6bb882046d35c2c718987df	2	2
msg_sender.bin	21	3
2e0872c2616e59c58478d96445fc9ae2ec776c44	28	3
30f21f1c0b9bd6c610ecf690934bd7417c36d5e0	1000000	1380
22917b2ada15538bead9dbbc5a25b75effb96723	13	3
573b436b2afd45014d05ab32bdd2b7ab8046b9a7	13	3
counter.bin	24	2
a05af8a146bfb345beeb393d3912958f69179e17	1000000	517
ee8eb7d65ff6ef82f028caabf049acdb716129f1	1	3
465051255f78a44a2c2f57ad8b63d8d24802442f	18	2
7b98bab4ae1de69a4a0c7fbe66bdca52b13547cf	15	2
c07bd6ed820f7e8147aab7c1956907932cb10e49	15	2
7f5fa8976299b9fc224a601ec4599a867a39022e	1000000	643
fc990e999e0abe2180c78f525718162c7c9e850d	2	2
cc5b21ccb65a8e09847f565c185ae42525cb99c6	13	3
8ac3d7a731a260e0dcb0dd38255f3bda1dd5c7c4	30	3
6f876930b7c2376d620be1b3da5a7d2375c26f9c	352	3
b9c73503308ec437e982e12c28cd9979789e8937	1	2
956a56dd2369bfe7adaa447cd3afabed0f6ff2a5	3	2
4e48e42f2eef3347c6c29afd270aa0974154ea84	27	3
bea6cdc521e769371192536751586c4d26180f44	5	4
d99cba1499c8b60c12767bcd9db3988a0104fabc	1000000	13
19b0af2843c78eddaa3d02923d13c72e1b24be71	1000000	533
90be2e075582500dcc46c74974682f8975931869	9	2
621b22c63311ff3f2f294364c2be35a8be047410	8	2
a08f6491e1572467884faa301a53f33b08082194	16	2
8d7ca230bdc4be5640987bc952471ee91996846d	13	3
173799655f50448809cc4e9dae3fef04a96c73a7	164	3
dfd6549932767be2a96c70b814162dd0d3076979	73357	117
58f4a23a8be6edf394d3439c39e86b216b7ce6ae	3003	10
9baf9c7a156f35c6fb4d859070ffd4adc642081a	1000000	664
900229de0ed883a71b2b2934d5eef838f6daac28	313832	465
c4c6633369717435126bea8cc3530772ea807145	16	3
9b5713f2971a3a705ebc0f72caa7d6c413334902	1046	2
678230f303670d7dde8c316c4432ee2626c59956	3	2
d74dfc25b0d1fa5b87e707506c1865b7b0f3400c	1008	2
d6e4dff7a6d4bde59801e3bb31829f6c5b48dabb	22	2
47d608a830ea47854ac12eb443464e531e23f065	3001	10
2fe40b46bdd40f3bf5d8521ba4e5e0030b317281	19	3
a3aa5d7b0bd05efdc99082ad8930c003e4cb4c19	13	3
fef928f1e8ce5974fd8ec53e3a881261bc617c04	14	3
5ead4de19fda1d48ef8c7f61a6fc415c771cdc07	42	3
12a5f3c5fc367de0bf72db3d40fe35eb061f6e09	13	3
7f870935d50a2bbe80fa765e67995fb46c545f57	816438	831
23f3bf64ab91383de262d70f994a599911e8619b	1007	3
3a7810bccd38945f912c019d7cee7272860015e9	3004	3
c38b06de912119fd4e37bab7ec0e04e73c69a438	36013	3
be0b716babef9f049455634f8c66e995c5a20a22	115	3
69ca49df465c714066e525612db7da5cec066b99	969614	924
2b2630f602c593117554bf4b1e95f0bcd86e05b3	23	3
ce13acd207b7b8c2a426e3535c5c0bb4a826c2ba	24	2
b2cfeb7b33c1ac60a593d946ba82ad70fd27d713	7	2
972d823678fe6402cf5e7eb90b03cafd3df5f2bc	3082	3
bcf35e42e5910c869797b60da5b54996c886f87a	1000000	805
9e02e47cb62fe6dea7db7321721015cdb968148b	13	3
9ddc8af24aae91bc1333b751c735ec9549bdea1d	13	3
d09b0ad13cb7183dc9359acb579f23a7bffa2bdd	292	3
2c01be44bf11102348ce7a9483aad29c255ae6c8	5	3
369ce5c01c80407726743c1879d7c3f618319a04	16	2
8941126404f908806bfe33aa8654b95f0707d64d	1	2
0a92af05e4ac34909167d1d169b48593be06b960	1007	3
a8f1efcd4a367e78b0fdc4cd9e3459834829b878	7	2
3f7f51ea8e213a2db4ae67bfc40f551aa4b74570	13	3
b01bca87b9350487536134b8163bcf6b7011fa21	14	3
e4d1f332491359a62b6bfb95d15ed66843c63e93	17	2
6c487e8b7353b571d4a87ef97564c64a631e8bc8	3	2
a0a0525af7637f4bdd2ff5a0bd67fb26d809cd52	13	3
a5e1d6853cec9448419034258045615c237d97d0	2	2
c61f31f91df93cc93d9773b32cdabc14a7868301	36	2
c2c9b701dd77ffad06325ec678fc90e07a386b35	1000000	675
1bdc9b74ab1e0afc5e643e3b1390453cf750a23f	51015	27
18f45867fce45bc174929fdf6109212461ae1ae7	11	3
af06c605b61d35d4ccc36ff38e577e90f1331163	18	3
8911caab3fcd916020d1ce07033c153f16bfbc1f	1000000	620
240070aabce4656af88ef52b877be7fd4cd7f4a0	37	3
cef98ece820908148655b46daa502824d4cdcbfb	42	2
d797867c2d8acf102767e28cbfa1c733b1373883	55	2
0415510211e4dc57ef5c91dcae18a270c3abc3fb	229	3
d5712df87cf053173485b2ac37e95a8456d58c08	1009	2
4c385b507d473e11725a2fe95691c73c130ba880	1009	2
f769d3c923d49e762c7d024a5ddbfbc8642e6b00	1000000	924
87d1cf3416c6aa3def5ec5f05806641d2e56fdb7	1000000	723
2d42de4b5bfca1545b51b0f5454445063807cf62	1000000	635
8d3ed465f44f444d42167fb5f83fc29db56cac49	1	2
fe80899fd96a31e60b46a6149ae12fd42b489728	13	3
9dad095722d6e349627917b619f9dac923f17131	13	3
87b5aeb3f841d74c8cb7e854f0e5be961de455d8	20	2
b2cfb6dea3568b2893b17ca2414f4038b019882b	1000000	13
b388b4fab3fafe78762d6a1c77916d3cdf4aff11	43	2
0194e8d323608d7608d3d3696669518d84cd24a0	14	3
9b9d0455ba6ba87b31e27c19ed8cd1806c2d2d6f	3028	3
c5bc8c1ab9eb382d67681352fcd3cab15a959be5	32	2
7cf846fc94b3226a90abe6e71f98fc00f9845230	3232	3
4b12b15b930ffca3cfefb4a1517bf8b201346890	1	2
c5fec70dc0ded333be43d543a92ac9609483a5e3	231	2
e6da224aad8642c1ff808ccc3eaaa8ba0fce3ba9	31	2
d2c9c99157e8bb3892e92ef5ca480670e06b1e05	9	2
b7fa4822a80502c7e8ba757f78e2e2f30f86dbbc	19	3
bc30dc5e80d5c000dc25533bfd774667e79b2c6c	14	2
e21d4859922b2f7c90bd0afbb4c2e8f25bf4ba67	1047	3
f3860b70ccf493d73dbacb5301ac8b2aed696c0f	1048	3
ee6005d4e6853cd4dbed6f0f2d7476fb464b30da	6	2
a122ba99b8eeda8c6dc86015ddff8e10125021c2	23	3
a9aed6c573e4dd24c9fe80b063eedf9ffa967f75	853567	832
dc019f2e7dbcb10bb385dfd487cb1ab27822e9d0	5	3
d728abee57b9e77484895b97b9276366e0ae88b1	2	2
6ec240abefe15315ad253cad70974016c84bd8dd	13	3
6b5e484d307269cfc1fb9ab7f6905b8fb36766aa	1000000	13
60ad01a21af4f1852a70d601f8c7f3cad0ab9122	26	2
44f48c997a026b60d2a75035c2267a48a2f813d2	13	3
b657cb38126798f9bff9d3c9e427979ba30721aa	2	2
ae362a0d5fb44a40520252016297b82fcd1dc0f1	27	2
4419638f968914fa897177ed54e4ca662fb54c45	3	2
fa71bcc0ea1705a9afac0f8f8af72d4e777a4536	131	3
e47e7bbbce7f97ecfabab7d989ec46f5aeb16e1b	13	3
995922e7d4b56e79b0db385aebc58c25ff5e9ac0	19	2
234f80ebe2e1416bc60a7307d312f5f167fa8cd0	93282	118
6adad0de61a925f8ffbb707bb1198708535c8ad9	3037	3
d1bfcdd6cd3fa93cc1567a39a46c1758c0af8085	23	2
f7ea301fb0f88d29c394cff376081c26af8a4ace	17	3
e1b01b608315d364345f284ed9fa8ec6215a2c7d	34	3
ee11da8cce054f957302dfc193263ac1734aba2a	853567	836
3ff49be876cee0da85aac5b756ca87c68b02bc04	209	3
fe7dbb0b0e6480c540133b03da31a440db8d0c71	13	4
4f38af1d6aa7afc63931497b5cb4935502f88a2d	1000000	558
2c8b852af32dd400114839d98889be75abcd5f20	30	3
9b91b2f1142b10144545e7a0563d7e90c23f5814	1000000	652
ffc39f09adb75414a6a5af1d6a8deb1d66664c87	67	3
ce66e02fa09be0e1617a2efc7d1f49d4a70ee364	13	3
abi_supertraits.bin	24	2
wallet_abi.bin	4	2
47576ab2cbfc2ca72f2f562dad4386976930c117	84	2
liquidity_pool.bin	24	3
f2f9d72d6c18bf0538c164630ce591a9d9238b3e	11	2
f745a918f76f4d4771e55d3de22c9f8b3b35b51f	18	2
3baf91b32796863ad58885757e79f3665f11fdcc	1000000	621
69bdae883c4f4e978a3949eb66de82a4a57f4bf7	32	3
a83bd30e756da57a6409f04d7657ec14a89812dc	1	2
5ac9568f66e026eb7cf61d43cc655b926d5d2d33	16	2
c373e3054b140d87e1a399df97b342e9f64b904d	9	2
a1610b599a49f8a19103ee7790d6f8ed70bbdaf2	4018	12
20983a628fa83f94dc932a6ebbedd45cf2b8303c	11	2
1f30434eaaf72658eac1c3417c5493d2430de96b	3003	10
79fc5a6226e9e4749b8309da5b481f136034e3f5	5	2
dac6a310a8c381da5ca3208827d3d9d9a5fc2863	3001	10
1eee29b651a9dddd6bea51adba39670435e96fea	786	3
f599046ed945cfa35b544a550fc46629f9cf2c61	3	3
51e9ad35ea7e398c7da10f421ce5fac311850bba	30	3
d3775b8fecc8346ca2582b4ec0d85d1125ebce0e	1000000	748
caller.bin	21	2
c683431055e24405505ae3dda02d8b430df64612	1000000	1028
cd9612c6d922af538318aa1512960852e9688307	14	3
fe78c39f5be5aefa693890eb15f2b107ef301877	16	2
f8602e82a502279abbdfbc6631ffb32db66d01ae	11	2
13d685d39bd288f095ab55f545cabf04d0ef5289	1009	2
fce3f4c8bee5e9813410d3746c49b6476cb05d9f	20	2
c245f9cdffccad1521e53eca69707f4777491d84	25	2
862b1f07fe04cc9e81996512ad0759bf157ee766	29	2
7ebf025d0836e1b0ff03a8292f426503a4302de5	16	3
ff5a5935fa81f635405f3853d27a65a98c50095e	4	2
ea21fbac107624a1b25115f91abb0ea232aff82c	91686	148
e3ac70b112f79da21b873c94c7533df63d6c20ab	222	4
4b06254528f215365305cf3fa3709b5a17653beb	13	3
fd2f5a6d6e5fedfe37c37f063a667e3615319e7e	13	3
0c1e7ae6056b6b5c2ccbb966e341dae8120d7994	133775	218
15d064205ac16123a8a315df27e8d0c9e8703cd8	1	2
027320e580621f52d710522b8e6ed4f4ea84de37	115	3
3e320cdc0f40da21265d2cad1e0cd8962b788e9b	4	2
2c5fad22738737f8b44dd34584c0405a302b9ae9	15	2
2887000e14025f26f909180005e77042dd4eac40	13	3
e3c16076c2736c7895da50212c2d41b466061136	13	3
78ed2cf3539b976774a54441222f892a1031e843	122	2
2bd195454d9a77d2772085983b6dfd606a8b6f85	313832	465
4b5914dcd5053e36bc2f0e027a9c86ab2968dcb1	14	3
d6257da1e586ddc946af7629bb6346f44715d974	1	2
27435e67eb8052d54af160f55cc0dfd126346b09	13	3
67ef3a67a5a01942640847b92f347665b6b6fb6a	15	3
430512e9f58b9c046a5ad44d4243733fb23f072c	1000000	876
6cd51db15abf1c7173cc80c48922f04952f9e394	20	2
6c17cd1a5959ffc40c901d26755299786a1312e2	24	2
0095d150039c6ba6aed3915c088f7772b7f01892	22	2
9c74432e9db156fd115a56ad5cab9db68b86515e	24	2
badf40fd781514bcf2f60464cecef6de037b5073	1007	2
d3fcf991c526808ce45d14ef4693a7a0401efc87	34	5
b9d57e5ded9819f8cedcb05d8ee781e6584bee3a	1017	3
2453265d24bdeb7d514f6b99f2b86a4a1adf7609	356584	505
bd1f4998da17fb4616e49185b27716bbcf3c346a	64	3
879816a4d60c5f605bf0dd8c50e978ef5fb9dee8	1000000	741
d47ded03e52095a1b7c27653f0788f9f954cad24	23	2
3873ae7d873422692dbb974dfec3a5fd87aa328f	20	3
31523f52be2f360dde8f8b9ea26e57d47fab8e67	6	2
08be54ab929eeeb4f36850ea8e3120b8fdbe72fa	17	2
19d7a361c2a97f791784ea47c96550e8e27d57b0	61	2
3765887ac68f04782fb745765031783026033a5d	1000000	1270
260ffa6d25c16eadebba09346fcf97bbfb867425	37	3
1ee85ada480c7542877d9e35e1362ab063e51c45	10	2
51d0702e46ca6e7435b2149d7f114c781badbff5	57	2
0b0730e06c99ab141c17002bb6ecbf5819460f13	104	2
e177d5fb5c58d372d8f459ba559789a934340727	1000000	2663
919a522781334431cf4e0ff41896618f3adcdf1c	6	2
5c8d1b5601a411d49c3776b36bf68bec26e214ff	1000000	2676
08462f69303891ef77b7b3c25aa49542c6c7a2ae	1004	3
42b2c8d542522f3ce8434992389f39f2bdd9e482	13	3
09a8982de326938d02b6877178afcbde7c6361ed	5	5
27e633d2a9816890aa60a62c79d75f03c60c5fe1	151	3
5cfb05d05378ec49676db490d743b272db362070	28	2
10d2e0adbb989a4cd6d4ed2bf1e11677867593c6	13	3
8bd9cdb43f2e3bd65b43b1312a3361aecdf311fa	1	3
93a961a30c8f184d67af7778f4c7f2d0fdd7e8b3	174	2
a8c8f2661cb5f887c3324f6be4296c045d4be880	19	2
ee1ebca067a4fb784b08277c2cd73488a8e2ce53	194	3
c944bc5e9ec3218bf0f8448e12b242c28e4d739e	41	3
5d71aba61a7a977a70a189b44850343aed63a2d4	14	3
32b47a77ad5e04a6755ff2a5485ef47509fd4657	29	2
7721ea6781182f35a086a0cd41bf01aba18b9ef7	45	2
9df59f0ba33f51928af92be2df3cb0e21d0e8c5f	43	2
b1602c8382cd057aca509041efd1337fc6cfa670	798	4
c48f0e1ed3a9a7b4abc0a927c7651e021b794fd8	49	2
9afa47f7089f9e24549e7c001c2208fa18a23c9c	14	3
2774a3a5af163343a5decd8d449206eb8e213d7b	3060	11
9d9648e1a9e7868a4c6862554ff5c41d458c22f8	3	2
0b6473727bf3436a79187c52e909774da6c5d5e9	19	3
2f1b92b2abb1600fddf7ab8ee73c3ce3920c3675	16	2
248fcf4d7b9f410894537c6834e7f0e0b44bb835	762453	772
239e7b525471b966bfa79a6b66e73e2d7ff37263	1000000	13
c7cd20a9ab1ff905485974b7f1142c7c797851c4	651	3
738074160ba9871b4e617cdee6f1d90bd98fc0a2	28	3
8e58efd62d08748094c430348eb91f7c6d7b433c	163	3
6b4c407e64dcb7ac731d789fd932430db78c6538	43	2
ee7e72797cdf79d1b26e614b0bb739cb601cdf41	1000000	598
8432d0d8c6b2dda0b8880fdfc2e0a6cef76239ae	14	3
eb9915fc0155947198c877633f058530fc661a47	1000000	13
c6f1803e640b7e6e3d4e4a9df29d0429cbdb07a5	18	3
f4fba06679b5c6e93de931b18fba98de94cea1a7	15	2
adf25d15a2edd2d3d439f30b5454900d899fb9fe	18	3
ebb35acde2fb0247da1231420f9be360548b6561	8	2
944376fe53271322c0085a8bf27e9de29c3318a3	8	2
ce09f59bc6d328a18f4f670c9a78450806bca39e	1000000	775
554a49bf2de40d44a0582e3464a6804417a42506	13	3
e801c8a9a95ee2f8c512f61563315327809b4e92	42	2
cb26074b13697bd29ecb0c9d67e2bcea2b7bc317	140	3
b2235755a5f9585b77e49511d335e8e95697623a	1000000	566
6037864718e455815eb24f848dd44d8498d61f46	6	2
91e0e75c44d56de10e0389398e10e86518dcdbf5	1000000	557
c7e94c0e79a4e499c59f88320f49e269a3f3dfe5	15	2
a0837f8168b8f4806c06c84b7de0be15d4e42e09	13	3
55625c5c51432ba7cccc8620d28155592d6d284b	14	3
c19531d6a1f1735815dddd8033a6b66f5ba33f02	1000000	670
22ac441cd5dd57c68d5685dcdf25b206eb934e76	19	3
2652d6b861d7ecb1460ad384f6a2312a54afa3ab	153	2
1f6d3745aadf32b9cc10cb2c6739c8758198b374	7	2
b88ab6cc97d2bd5404d9a089f2b50814782558ff	1000000	1450
9016ffc8f92ae1af2ce7b85cf05e2f1a707eceaf	14	3
f6455082c77adcc8d268a83f586fb3ac2d957e7a	24	3
a7a285c31ee49b8efc8442786baed9e37c7f0420	816456	838
7c25c98bdb00c7694c99bb432c9d05b2c3a67561	13	3
595c9a4de7db2cf2579ea4bec3364387eee40218	1000000	510
263ba7ec9d0612bf3ae4f9d429196d45e4a65533	1000000	526
4e62a363090d13ba2599273d1493f32e876c651d	1000000	964
da07765bcddf6e4cae72b15c21b887253e23611c	24	3
b21aafbfaf74f505434f1c4cd8cf80fcfdba6122	27	3
identity.bin	30	3
06ea75ce9b788372d1db7314cbfc3aeb20803972	3	2
2ad313bef3d4b9029b9f39928bcb6d05cc69aff0	18	3
9629fa220dd6f1fd962aefa911f2e02f91336f9e	2	2
e66aed9030c1e5b73449c55d29d986fae1f3d785	1000000	675
9dbf96a0bfe0a1cbed93b595f29c60e9d95c5657	13	3
63d0b530d6f3e12d0a0d120e96020f6ac40c921e	55	3
fc4d9d97e998cd9af00c6d8152329fbae330f222	1	2
c656b9a26345c4bb8593f3d808d18daeb3b182ae	13	3
97c631744915467fc861452e2f7e9b360f699b5e	14	3
7f193256f997f083eaee8ab488fc22831e250b84	1009	2
cee51cb908a76988dcd76e2d74aac48039bd30f0	27	2
ad46f2d2ff252d4f870df88a62bf21d29d2d320c	1000000	779
2df72b3e414067975509fecc358f7bd595fe8475	26	2
9170de6553cf554a5caac20ff272805017e11f15	18	2
ed17a71d0c9fd1a7fad503961de1eaf5048b75fe	13	3
166e0326396fcb7cc568e501194369359fa6f76c	3232	3
215e67684bd6f3ee22c24675873e7fdb6ccda9a5	14	3
991c305396f63d466bcaf92052e4f0c5e5ec6219	9	2
e7d1fc9b49960246147b4c0585c7f10d2d9b6699	1009	2
93c44bba18bb6262eb836918c8eea4be436d2ebf	5	2
e6b3fff51334bf4b99590ca60926c20c77b21de2	163	3
626f92627aa067fa96c211acfd28b0106824272a	15950	11
ded7ad619cb6012c737a4a5a390dd544d89ade47	5	2
63c5da759cac8bd9ec6273dd46f42ae40693c4d7	2	2
73edd0d330be15072d9661bd86e01a3278e075fe	27	2
99287876483164455b181fc5e704180c7efa9be6	15	2
c02e5cd9e4f9de17b41f142419c1db6e7febbeb2	74	2
d10994563ce430041daf611987ff61f39b733151	48015	27
ed318e0173c96fd08ab4ef2147946fb00e288090	1	2
19e75f98b2d30fcdc5ad6be5f8fdca2ae18c69d6	34	2
storage_vec.bin	33	6
824fd6dd236b7c89fb465a6c84da36f18975fad5	1000000	13
cd3ebdb48bc2fceb8d74423677a5d53f074af82c	1000000	592
e1b7b38cda02b9ec5b434584152f09ae8963a87a	1008	3
7534a199006a0f883d353211935f2caad034f575	1	3
21ba9a5a9fb587895de8cde70e64f33a0bac92d2	1000000	13
899ef8167df68d2dea2b9e96510db0b8ddba443c	27	2
ac1803ff41c57764d410539acaf17de865684a61	592	3
38fa3ec3952a23feaef9389d5a7f6b8afe9ee94d	26	3
d86e9e0077f0e32e327d03f30d136d5f4fb8e06b	5	2
d74a72c35c15a97978588bbcd5c96e713f56dce0	1011	3
d74698772500e3696e0065926c393f246f1f289a	3	3
89695750cb3bba443ffbb8db8d153f89a0f49885	64	2
44a35ffacbcdab95d0a8e3a049a6d902849e635f	3054	2
5bb31b5e9d38ca365a28805711d62e7bc972034a	75	2
0168b69010b6a52ad6709b3f1e2730851185f2d5	13	3
3f5d143afe0e29391c304f1118e8d602833bb056	14	3
callee.bin	21	2
b4b9837c28581297703f5ca5bc9ac3ec4f22ad61	317638	506
7a487caae061d1d5152ad323ec106d322665204f	2	2
fcd368962942febbe1074963d8af8cb5ca882adc	31	2
2a90d2bf0ab7d0e9cf4a4749a74eff56726a85ba	13	3
82fe8faf13f9a8bc59ec8c7a4d0415dfb1e01525	1048	3
9e49ae25eb62c31428600d4db89c2f20d48838a1	122	3
option.bin	41	2
2e7eaaf5001b8471317039066191088904f5d74d	126	3
75d4a491e17ff8c28ed15570af9ea0b1481d8a26	80	2
d76be3b1fd7c34ab36586a7303c7d0e0afd52d21	13	3
a7f8036fed343fb3a710b2340ec26a4915e4f4db	8	2
1aecac8a286243db84b72191acfa2a8eb6b0f048	2479	6
86a6b60fee5e85bef19fe1e64d10090be73458b0	13	3
ownership.bin	27	2
746bf504515440e875215c1dc9c03726208e0c6e	5	3
fizzbuzz.bin	21	2
362e1cf3d87c29b557877e0a4ce2d383573278a1	2	2
d06ed8a60fddb8d20f1975bb95e3a89a58bb8032	15	5
f620d8565c38bc7b2e80fefa9714db7155faa054	13	3
5e0f3dc7615b1070041ad262c36372912f4cd203	1000000	527
c1410b679636b1aab405e82fcdc2db2f1626c56f	24	3
b2e9c8da187478888849553afcd3d1c4d108c53c	1000000	1496
e0bc8564845608856c4eef41cdcd733d6555eb61	816456	834
564eedf40d55f16ac1d3bade282fdf07b3b5c6e9	14	3
d393a05b70c7e1ee4305face2a5346584b503f66	35	3
c785d0a4979ab93aba4458e90159b66212eb9777	14	2
14c133630fa7ef3d75eda24b702165505f91d69e	42	3
82eb9e5f122e1ace64699e624d850bbe7d971546	47	3
91a0b457a9c525bf4f187b4ef8f5ed8cc810ac65	27	4
70bd0570a48c4c18dce57536147f96d3f63871f4	40842	67
20c8c50c44780c99ca3c69d4b7cd5b2951bf7327	1000000	932
dfabab6031616b427007b4d176e638b7c398f2c4	1007	3
b88238b7f8c1d55f9a3b0152f2704d1df1be0c98	380	3
db8b7bed456e4b711f7d9f78621245f96c73ebc9	5	2
d3e403481756c63f2a82a1c107587a9b22d89f2f	1000000	9
85a449ba3d1954febd9542f676a6c1fcd92af8d5	1007	3
168e732e5f418f78b3e3c3088f57b26061431874	3	2
c02f11d8a7a326106f0f8eee3e88d51da4964f78	1000000	680
806b6195740677994418a6dfe204c85c59fb9bd7	43	3
35a66fb4b549a3fa9a239da013455e01291d0d9f	5081	3
1fd6f60fc8e1e696280fbd16bf3cd5d5684a4410	18	2
132293004020eee4b71c19ac41ae04b51a78f570	105	2
signatures.bin	5127	3
7d162fa4dcb9233d6360794a9e3f576988e09ad3	798	3
59e150df110870792dec330ef97358066a0ae1c5	24	3
cei_analysis.bin	21	3
d04eb48480a8c21c0fe97a3c509f107c1945a290	1000000	3
3d9859f8f8d4b74301e8f481ffda8361c095039e	38	3
af961e154ec93c14383e53404c7a7e1314d4d7b2	1	2
c8bb23609209c904be27fa116cb43a8724032a6e	1031	2
0b6bbd0f1f2a42b6da3999707783c5f6284262a0	15	2
cccb7d5236f58700190e5faa120e18cc3ae05ba0	1000000	607
031c1338e164411fae95b3453719ed17fff19aec	5127	3
13fed28b09fe348357e9f3f9e0bd0389fa14f1e6	18235	31
bb13aa089f6926c84d9fe5df7c2578a8d06ae8ff	9	2
248980f765a876efa70e88f87c4ad8006ef952a4	3	3
895bb942b3ae97423893cbcf9ba593aee4ca39dc	14	2
63fb9ff2a942190ebb46b6baf66821ce1b5bc717	33	2
a190245c1e0897b6b933bb92262232308a8655a5	12	3
072d3e03b9dd74f05492c9aba2516b94c9a8b9a2	13	3
ad3d04d6fbac2ceda87e383d304a313dc2477399	109	2
match_statements.bin	56	2
8db03203e20c91d652c9e352ceeb69ed1731cbe7	17	3
44ced24143a763ca323269a0992d752512ce1124	1000000	1256
8164b8b304a67e53023ccdcdbe623a048e35d27c	3003	10
95c06bed991cfbd066bb58d2e09e67fd201be064	88	2
9326986d242a92ae87491c98b0993953424824c9	13	3
b599257ddbdf7183c13d21d7f9b48c79db284063	32	2
6abc1f8879f0a38be947b8c7ec532a7edf468a4d	22	2
98e0eec3797187659722ae3735cb5fbe23ee7691	1000000	693
e7cf42b595f245ec3b8800168559f7a9f214dd0d	13	3
efc48f56d95acd2ac5ac4f1a427ecc5b49df499b	1000000	645
5a6ee73692d3628a6fd459115d1610c33bd9a5e4	3001	2
dac9031cb3fc8f35eab362307d4e9745782d9774	44	2
f8eb976ccb8ae32379ee07112cbd7881299f4c73	4	2
asm_return_tuple_pointer.bin	97	2
87f14a0991bfed0a3b558df301a34f990782ff92	23	2
d621cdc76fbdedac642655b64eb08d414cb2d0af	15	3
e608bf0a9a763015fa2bce291b99d0ad1039fa73	33	3
eeb68b0ec70ad73e2883ceabbae74bdf1ec791dc	1000000	1422
c8ee34dc150a5ed36e394af5820a5fc5720f1d25	24	3
3126e6032b09ff9d46af45473ade2bb41c27a234	210	2
570b3df46732d7553756cc10146cf01199c571ae	3001	2
7c976e5de182b58a183150d10b017cf50c3e57dc	13	3
fa34b560c3dfe4c2072fcae46c8f571de119033e	1981	3
dc68f49156b60435463f187e492e112ceffc5609	6	2
7db26b621329fc37dc47c800daf988873e93df78	15	3
a89ac7545e5aa6509ee944e4d5ac236de5dab3b3	14	3
2f84b709ee9ba45d0e008280cacc3ee4605c1907	441	2
